Workbook

Sheet 出欠表
A1: 出欠入力表
A2: No. | B2: 児童氏名 | C2: 保護者（男性） | D2: 保護者（女性）
A3: 1
A4: 2
A5: 3
A6: 4
A7: 5
A8: 6
A9: 7
A10: 8
A11: 9
A12: 10
A13: 11
A14: 12
... A79: 77
A80: 合計 | C80: =SUM(C3:C79) -> 0 | D80: =SUM(D3:D79) -> 0

Sheet 入力表
A1: 出欠入力表
A2: No. | B2: 児童氏名 | C2: 親子で出席 | F2: 子どものみ出席 | G2: 欠席
D3: 保護者（男性） | E3: 保護者（女性）
A4: 例 | B4: 泗水 一郎 | C4: 1 | D4: 1 | E4: 0 | F4: 0 | G4: 0
A5: 例 | B5: 泗水 二郎 | C5: 0 | D5: 0 | E5: 0 | F5: 1 | G5: 0
A6: 例 | B6: 泗水 三郎 | C6: 0 | D6: 0 | E6: 0 | F6: 0 | G6: 1
A7: 1 | B7: あ
A8: 2 | B8: い
A9: 3 | B9: う
A10: 4
A11: 5
A12: 6
A13: 7
A14: 8
A15: 9
A16: 10
A17: 11
A18: 12
A19: 13
A20: 14
A21: 15
... A83: 77
A84: 合計 | C84: =SUM(C4:C83) -> 1 | D84: =SUM(D4:D83) -> 1 | E84: =SUM(E4:E83) -> 0 | F84: =SUM(F4:F83) -> 1 | G84: =SUM(G4:G83) -> 1

Sheet 集計表
A1: 出欠集計表 | F1: 収支決算書
A2: 項目 | B2: 人数 | F2: 収入
A3: 親子で出席 | B3: =入力表!C84 -> 1 | C3: ←世帯数 | F3: No. | G3: 項目 | H3: 金額 | I3: 備考
A4: 保護者（男性） | B4: =入力表!D84 -> 1 | F4: 1 | G4: 補助金 | H4: 30800 | N4: 77 | O4: 400 | P4: =N4*O4 -> 30800
A5: 保護者（女性） | B5: =入力表!E84 -> 0 | F5: 2
A6: 子どものみ出席 | B6: =入力表!F84 -> 1 | F6: 3
A7: 欠席 | B7: =入力表!G84 -> 1 | F7: 4
F8: 5
A9: お菓子必要数表 | F9: 合計 | H9: =SUM(H4:H8) -> 30800
A10: 項目 | B10: 個数 | C10: 単価（税込み） | D10: 合計金額
A11: 文房具 | B11: =B6 -> 1 | C11: 100 | D11: =B11*C11 -> 100 | F11: 支出
A12: お菓子 | B12: =B11 -> 1 | C12: 200 | D12: =B12*C12 -> 200 | F12: No. | G12: 項目 | H12: 金額 | I12: 備考
A13: 合計 | B13: =SUM(B11:B12) -> 2 | D13: =SUM(D11:D12) -> 300 | F13: 1 | G13: 文房具代 | H13: =D11 -> 100
F14: 2 | G14: お菓子代 | H14: =D12 -> 200
F15: 3 | G15: 謝礼金
F16: 4
F17: 5
F18: 合計 | H18: =SUM(H13:H17) -> 300
F20: 収入 | G20: ー | H20: 支出 | I20: 合計
F21: =H9 -> 30800 | G21: ー | H21: =H18 -> 300 | I21: ="= "&(F21-H21) -> = 30500
